Metric,Value
Mean,0.023027664158909267
Standard Deviation,0.020230333820175445
Minimum,6.349542748601232e-05
Maximum,0.11609268046094953
Median,0.017550112496042564
Mode,0.01582908968234244
