Metric,Value
Mean,0.026912895799132665
Standard Deviation,0.022089907151828826
Minimum,1.1818236935666144e-05
Maximum,0.13582984903781747
Median,0.021221672236185988
Mode,0.005609434568554096
