Metric,Value
Mean,0.023671576515391445
Standard Deviation,0.02075404419290788
Minimum,3.3577088341889244e-07
Maximum,0.13326695304009661
Median,0.018220371888551117
Mode,0.001178911613673481
