Metric,Value
Mean,0.0009608917287550866
Standard Deviation,0.00018040265268183682
Minimum,0.0006364849396049976
Maximum,0.001355800312012434
Median,0.0009244753746315837
Mode,0.0006364849396049976
