Metric,Value
Mean,0.0007833636045688763
Standard Deviation,0.00014062960799192647
Minimum,0.0006076459540054202
Maximum,0.0011902943952009082
Median,0.0007483727531507611
Mode,0.0006076459540054202
