Metric,Value
Mean,0.0009117277682526037
Standard Deviation,0.00018256979004406326
Minimum,0.0006364874425344169
Maximum,0.0014592459192499518
Median,0.0008648905495647341
Mode,0.0006364874425344169
