Metric,Value
Mean,0.0007588609395315871
Standard Deviation,0.00014005322822152787
Minimum,0.0005758781335316598
Maximum,0.0011601842707023025
Median,0.0007140655943658203
Mode,0.0005758781335316598
