Metric,Value
Mean,0.0007019890278267363
Standard Deviation,4.098891618261845e-05
Minimum,0.0006443668971769512
Maximum,0.0007362685864791274
Median,0.0007253315998241305
Mode,0.0006443668971769512
